ردیف,بخش,شناسه,پرسیده‌شده,پلتفرم,نوع,عنوان,متن,تأیید (تأیید/اصلاح/حذف),توضیح شما
1,عیب‌یابی خطاهای رایج متاتریدر,MT-TRBL-0001,سقف ضرر روزانه یعنی چی؟,هر دو,عیب‌یابی,خطای Invalid S/L or T/P هنگام ثبت سفارش,"خطای «Invalid S/L or T/P» یعنی حد ضرر یا حد سود واردشده از نظر پلتفرم یا بروکر معتبر نیست. شایع‌ترین علت‌ها: قرار دادن حد ضرر در سمت اشتباه قیمت، نزدیک‌تر بودن آن از حداقل فاصله‌ی مجاز (Stops Level) و اشتباه در تعداد ارقام اعشار قیمت.

نشانه‌ها:
- پیام Invalid S/L or T/P هنگام ثبت یا ویرایش سفارش
- سفارش ثبت نمی‌شود

علت‌ها:
- حد ضرر یا حد سود در سمت اشتباه قیمت قرار گرفته است.
- فاصله‌ی SL/TP از قیمت کمتر از Stops Level بروکر است.
- قیمت با ارقام اعشار اشتباه وارد شده است.
- نماد در حالت Freeze Level است و ویرایش موقتاً مجاز نیست.

راه‌حل‌ها:
- مشخصات نماد (Specification) را باز کنید و مقدار Stops Level را ببینید.
- SL/TP را با فاصله‌ی بیشتر از حداقل مجاز وارد کنید.
- درست بودن سمت SL/TP نسبت به نوع معامله (خرید یا فروش) را بررسی کنید.
- در صورت ادامه‌ی خطا، مقدار دقیق Stops Level را از پشتیبانی بروکر بپرسید.",,
2,عیب‌یابی خطاهای رایج متاتریدر,MT-TRBL-0002,جمعه معامله کنم؟,هر دو,عیب‌یابی,خطای Market closed,"پیام «Market closed» یعنی نماد در آن لحظه خارج از ساعات معاملاتی خود است. ساعات معاملاتی هر نماد در پنجره‌ی Specification و بر اساس ساعت سرور بروکر تعریف شده است، نه ساعت محلی.

نشانه‌ها:
- پیام Market closed هنگام ثبت سفارش

علت‌ها:
- نماد خارج از ساعات معاملاتی است (آخر هفته، تعطیلات یا وقفه‌ی روزانه).
- ساعت سرور بروکر با ساعت محلی متفاوت است.

راه‌حل‌ها:
- ساعات معاملاتی نماد را در Specification بررسی کنید.
- ساعت سرور را از ستون زمان در Market Watch ببینید.
- برای نمادهای دارای وقفه‌ی روزانه (مثل شاخص‌ها و فلزات)، زمان وقفه را در نظر بگیرید.",,
3,عیب‌یابی خطاهای رایج متاتریدر,MT-TRBL-0004,خلاف روند معامله کنم؟,هر دو,عیب‌یابی,خطای Trade is disabled / معامله غیرفعال است,"پیام «Trade is disabled» یعنی امکان معامله روی حساب یا نماد غیرفعال است. این وضعیت سمت بروکر یا به دلیل ورود با رمز Investor رخ می‌دهد و با تنظیمات پلتفرم قابل حل نیست.

نشانه‌ها:
- پیام Trade is disabled
- دکمه‌های خرید و فروش غیرفعال هستند

علت‌ها:
- ورود با رمز Investor به‌جای رمز اصلی.
- غیرفعال بودن معامله روی حساب از سمت بروکر.
- نماد در حالت Close Only یا فقط مشاهده قرار دارد.

راه‌حل‌ها:
- با رمز اصلی (Master) دوباره وارد شوید.
- وضعیت نماد را در Specification بررسی کنید.
- در صورت ادامه، با پشتیبانی بروکر تماس بگیرید.",,
4,عیب‌یابی خطاهای رایج متاتریدر,MT-TRBL-0005,سقف ضرر روزانه یعنی چی؟,هر دو,عیب‌یابی,خطای No connection / قطع اتصال به سرور,"نمایش «No connection» یا «Invalid account» در نوار وضعیت یعنی ترمینال به سرور بروکر وصل نیست. پیش از هر کاری باید مشخص شود مشکل از اینترنت است یا از اطلاعات ورود.

نشانه‌ها:
- نمایش No connection در گوشه‌ی پایین-راست
- قیمت‌ها به‌روزرسانی نمی‌شوند

علت‌ها:
- قطع بودن اینترنت یا محدودیت شبکه.
- اشتباه بودن سرور یا اطلاعات حساب.
- بسته شدن حساب یا تغییر سرور توسط بروکر.

راه‌حل‌ها:
- اتصال اینترنت را بررسی کنید.
- دوباره با سرور و اطلاعات صحیح Login کنید.
- تب Journal را برای دیدن پیام دقیق خطا باز کنید.
- در صورت ادامه، سرور جایگزین را از بروکر بگیرید.",,
5,عیب‌یابی خطاهای رایج متاتریدر,MT-TRBL-0006,آربیتراژ یعنی چی؟,هر دو,عیب‌یابی,خطای Off quotes یا ریکوت مکرر,"پیام «Off quotes» یعنی سرور نمی‌تواند سفارش را با قیمت درخواستی اجرا کند. این وضعیت بیشتر در حساب‌های Instant Execution، هنگام اخبار پرتأثیر یا در نمادهای کم‌نقدشونده رخ می‌دهد.

نشانه‌ها:
- پیام Off quotes
- پنجره‌ی ریکوت و درخواست تأیید قیمت جدید

علت‌ها:
- نوسان شدید قیمت در لحظه‌ی ثبت سفارش.
- انحراف مجاز (Deviation) بسیار کم تنظیم شده است.
- نقدشوندگی پایین نماد در آن ساعت.

راه‌حل‌ها:
- مقدار Deviation را در تنظیمات سفارش کمی افزایش دهید.
- در زمان انتشار اخبار مهم از ثبت سفارش بازار خودداری کنید.
- در صورت تکرار، نوع اجرای حساب را از بروکر بپرسید.",,
6,عیب‌یابی خطاهای رایج متاتریدر,MT-TRBL-0010,معامله باز نمی‌شه,هر دو,عیب‌یابی,اکسپرت اجرا نمی‌شود یا معامله باز نمی‌کند,"وقتی اکسپرت روی چارت است اما کاری نمی‌کند، معمولاً معامله‌ی خودکار غیرفعال است یا اکسپرت اجازه یا شرایط لازم را ندارد. علامت کنار نام اکسپرت در گوشه‌ی چارت وضعیت را نشان می‌دهد.

نشانه‌ها:
- علامت توقف یا صورتک ناراحت کنار نام اکسپرت
- اکسپرت روی چارت هست ولی هیچ معامله‌ای باز نمی‌شود

علت‌ها:
- دکمه‌ی Algo Trading (در متاتریدر ۴: AutoTrading) در نوار ابزار غیرفعال است.
- گزینه‌ی اجازه‌ی معامله در تنظیمات خود اکسپرت تیک نخورده است.
- اکسپرت به DLL یا کتابخانه‌ی خارجی نیاز دارد که اجازه‌اش داده نشده.
- شرایط ورود اکسپرت هنوز برقرار نشده است.
- نام نماد یا تایم‌فریم با تنظیمات اکسپرت هم‌خوان نیست.

راه‌حل‌ها:
- دکمه‌ی Algo Trading را فعال کنید و در Tools > Options > Experts گزینه‌ی Allow algorithmic trading را تیک بزنید.
- اکسپرت را برداشته و دوباره روی چارت بیندازید و گزینه‌ی اجازه‌ی معامله را تیک بزنید.
- تب Experts و Journal را برای دیدن پیام دقیق خطا بررسی کنید.
- نام نماد و تایم‌فریم موردنیاز اکسپرت را با چارت تطبیق دهید.",,
7,عیب‌یابی خطاهای رایج متاتریدر,MT-TRBL-0012,آربیتراژ یعنی چی؟,هر دو,عیب‌یابی,چارت خالی یا داده‌ی تاریخی ناقص,"پیام «Waiting for update» یا چارتی که فقط چند کندل دارد، یعنی داده‌ی تاریخی نماد کامل دریافت نشده است. در متاتریدر ۴ این وضعیت شایع‌تر است، چون داده به‌صورت خودکار و کامل دانلود نمی‌شود.

نشانه‌ها:
- نمایش Waiting for update روی چارت
- چارت فقط بازه‌ی کوتاهی از گذشته را نشان می‌دهد

علت‌ها:
- داده‌ی تاریخی نماد هنوز دانلود نشده است.
- مقدار Max bars in chart یا Max bars in history کم تنظیم شده است.
- بروکر داده‌ی تاریخی محدودی برای آن نماد ارائه می‌دهد.

راه‌حل‌ها:
- در Tools > Options > Charts مقدار Max bars را افزایش دهید و پلتفرم را ری‌استارت کنید.
- در متاتریدر ۴ از History Center داده را دانلود کنید (F2).
- در متاتریدر ۵ از پنجره‌ی Symbols و تب Bars داده را درخواست کنید.
- چارت را با اسکرول به عقب ببرید تا دریافت داده آغاز شود.",,
8,عیب‌یابی خطاهای رایج متاتریدر,MT-TRBL-0014,آربیتراژ یعنی چی؟,فقط متاتریدر ۴,عیب‌یابی,خطای Trade context is busy در متاتریدر ۴,"پیام «Trade context is busy» مخصوص متاتریدر ۴ است و یعنی یک عملیات معاملاتی دیگر در حال اجراست و درخواست جدید نمی‌تواند همزمان پردازش شود. معمولاً وقتی چند اکسپرت همزمان روی یک حساب کار می‌کنند رخ می‌دهد.

نشانه‌ها:
- پیام Trade context is busy در تب Experts
- سفارش اکسپرت ثبت نمی‌شود

علت‌ها:
- اجرای همزمان چند اکسپرت روی یک حساب.
- کند بودن پاسخ سرور در لحظه‌ی ثبت سفارش.

راه‌حل‌ها:
- تعداد اکسپرت‌های فعال روی حساب را کم کنید.
- در کد اکسپرت از مکانیزم انتظار و تلاش مجدد استفاده شود.
- در صورت تکرار زیاد، اجرای اکسپرت را روی VPS با تأخیر کمتر بررسی کنید.",,
9,عیب‌یابی خطاهای رایج متاتریدر,MT-TRBL-0007,,هر دو,عیب‌یابی,نماد پیدا نمی‌شود یا نام آن متفاوت است,"اگر نمادی در Market Watch نیست، معمولاً یا پنهان است یا نام آن در بروکر شما پسوند دارد. نبود نماد در فهرست به معنای نداشتن آن نماد توسط بروکر نیست.

نشانه‌ها:
- نماد در Market Watch دیده نمی‌شود
- اکسپرت پیغام می‌دهد نماد پیدا نشد

علت‌ها:
- نماد در Market Watch پنهان است.
- نام نماد در بروکر پسوند دارد (مثلاً EURUSD.m).
- نماد فقط برای نوع حساب دیگری فعال است.

راه‌حل‌ها:
- پنجره‌ی Symbols را باز کنید (Ctrl+U) و نماد را جست‌وجو و Show کنید.
- نام دقیق نماد را از فهرست بروکر بردارید و در تنظیمات اکسپرت وارد کنید.
- در صورت نبودن نماد، فعال بودن آن روی نوع حساب خود را از بروکر بپرسید.",,
10,عیب‌یابی خطاهای رایج متاتریدر,MT-TRBL-0013,,هر دو,عیب‌یابی,اختلاف ساعت پلتفرم با ساعت محلی و کندل روزانه,"زمان چارت همیشه زمان سرور بروکر است. به همین دلیل شروع کندل روزانه، زمان بسته شدن هفته و ساعت اخبار می‌تواند با ساعت محلی چند ساعت اختلاف داشته باشد. این یک خطا نیست و قابل تغییر هم نیست.

نشانه‌ها:
- ساعت متاتریدر با ساعت کامپیوتر فرق دارد
- کندل روزانه در ساعتی غیر از نیمه‌شب محلی باز می‌شود

علت‌ها:
- منطقه‌ی زمانی سرور بروکر با منطقه‌ی زمانی شما متفاوت است.
- برخی بروکرها ساعت تابستانی را اعمال می‌کنند.

راه‌حل‌ها:
- زمان سرور را از ستون Time در Market Watch ببینید و اختلاف را یادداشت کنید.
- برای تحلیل سشن‌ها، همیشه بر مبنای زمان سرور محاسبه کنید.
- در صورت نیاز به زمان محلی، از اندیکاتورهای نمایش‌دهنده‌ی ساعت استفاده کنید.",,
11,عیب‌یابی خطاهای رایج متاتریدر,MT-TRBL-0003,,هر دو,عیب‌یابی,خطای Not enough money / کمبود مارجین,"پیام «Not enough money» یعنی مارجین آزاد حساب برای باز کردن معامله با حجم درخواستی کافی نیست. علت معمولاً حجم بیش از حد بزرگ نسبت به موجودی، یا اشغال بودن مارجین توسط معاملات باز است.

نشانه‌ها:
- پیام Not enough money
- سفارش رد می‌شود

علت‌ها:
- حجم درخواستی نسبت به موجودی و اهرم حساب بیش از حد بزرگ است.
- بخش زیادی از مارجین توسط معاملات باز اشغال شده است.
- اهرم حساب پایین‌تر از تصور کاربر است.

راه‌حل‌ها:
- حجم معامله را کاهش دهید.
- مقدار Free Margin را در Toolbox/Terminal بررسی کنید.
- اهرم حساب را از بروکر یا مشخصات حساب بررسی کنید.
- در صورت نیاز، بخشی از معاملات باز را ببندید.",,
12,عیب‌یابی خطاهای رایج متاتریدر,MT-TRBL-0008,,هر دو,عیب‌یابی,اندیکاتور یا اکسپرت در Navigator دیده نمی‌شود,"اگر فایل نصب‌شده در فهرست Navigator ظاهر نمی‌شود، تقریباً همیشه فایل در پوشه‌ی اشتباه قرار گرفته یا نسخه‌ی آن با پلتفرم سازگار نیست.

نشانه‌ها:
- فایل کپی شده اما در Navigator نیست
- پس از Refresh هم چیزی اضافه نمی‌شود

علت‌ها:
- فایل در پوشه‌ی نصب کپی شده، نه در پوشه‌ی داده (Data Folder).
- فایل در زیرپوشه‌ی اشتباه است (اندیکاتور در Experts یا برعکس).
- فایل ex4 روی متاتریدر ۵ یا ex5 روی متاتریدر ۴ کپی شده است.
- فایل سورس کپی شده و هنوز کامپایل نشده است.

راه‌حل‌ها:
- از File > Open Data Folder پوشه‌ی درست را باز کنید.
- فایل را در MQL4/MQL5 و زیرپوشه‌ی درست (Experts، Indicators، Scripts) بگذارید.
- در Navigator راست‌کلیک و Refresh بزنید.
- در صورت داشتن فایل سورس، آن را در MetaEditor کامپایل کنید.
- در صورت ادامه، پلتفرم را ببندید و دوباره باز کنید.",,
13,عیب‌یابی خطاهای رایج متاتریدر,MT-TRBL-0009,,هر دو,عیب‌یابی,خطای Invalid volume / حجم نامعتبر,"پیام مربوط به حجم نامعتبر یعنی عدد واردشده با محدودیت‌های نماد سازگار نیست: کمتر از حداقل، بیشتر از حداکثر، یا ناهماهنگ با گام حجم.

نشانه‌ها:
- پیام Invalid volume یا Invalid trade volume
- سفارش ثبت نمی‌شود

علت‌ها:
- حجم کمتر از Volume Min یا بیشتر از Volume Max است.
- حجم مضربی از Volume Step نیست (مثلاً ۰.۰۱۵ وقتی گام ۰.۰۱ است).
- محدودیت حداکثر حجم کل باز روی نماد اعمال شده است.

راه‌حل‌ها:
- مشخصات نماد را باز کنید و Volume Min، Max و Step را ببینید.
- حجم را به نزدیک‌ترین مضرب مجاز تغییر دهید.
- برای حجم‌های بزرگ، سفارش را به چند سفارش کوچک‌تر تقسیم کنید.",,
14,عیب‌یابی خطاهای رایج متاتریدر,MT-TRBL-0011,,هر دو,عیب‌یابی,قیمت‌ها به‌روزرسانی نمی‌شوند با وجود اتصال,"گاهی پلتفرم متصل است اما قیمت یک نماد ثابت می‌ماند. این معمولاً یا به دلیل بسته بودن بازار همان نماد است یا نماد در حال دریافت داده‌ی زنده نیست.

نشانه‌ها:
- قیمت نماد تغییر نمی‌کند
- چارت به‌روز نمی‌شود اما اتصال برقرار است

علت‌ها:
- بازار آن نماد بسته است.
- نماد به‌تازگی نمایش داده شده و هنوز داده‌ی زنده دریافت نکرده است.
- اتصال ناپایدار است و ترمینال در حال بازیابی است.

راه‌حل‌ها:
- ساعات معاملاتی نماد را در Specification بررسی کنید.
- نماد را از Market Watch حذف و دوباره Show کنید.
- چارت را ببندید و دوباره باز کنید.
- در صورت ادامه، پلتفرم را ری‌استارت و تب Journal را بررسی کنید.",,
15,عیب‌یابی خطاهای رایج متاتریدر,MT-TRBL-0015,,هر دو,عیب‌یابی,خطای Old version یا درخواست به‌روزرسانی پلتفرم,"پیام «Old version» یعنی بیلد نصب‌شده‌ی پلتفرم قدیمی‌تر از بیلد موردنیاز سرور بروکر است و باید به‌روزرسانی شود.

نشانه‌ها:
- پیام Old version هنگام ورود
- قطع مکرر اتصال پس از مدتی

علت‌ها:
- بیلد پلتفرم قدیمی است.
- به‌روزرسانی خودکار به دلیل نداشتن دسترسی نوشتن انجام نشده است.

راه‌حل‌ها:
- پلتفرم را ببندید و دوباره باز کنید تا به‌روزرسانی انجام شود.
- در صورت عدم موفقیت، نصاب جدید را از سایت بروکر دانلود و روی همان مسیر نصب کنید.
- پیش از نصب مجدد، از پوشه‌ی داده پشتیبان بگیرید.",,
16,عیب‌یابی خطاهای رایج متاتریدر,MT-TRBL-0016,,هر دو,عیب‌یابی,مشکل دسترسی نوشتن و نصب در مسیر محافظت‌شده,"اگر پلتفرم در مسیر محافظت‌شده‌ی ویندوز نصب شده باشد، ممکن است تنظیمات، تمپلیت‌ها یا فایل‌های کپی‌شده ذخیره نشوند یا به‌روزرسانی ناقص بماند.

نشانه‌ها:
- تنظیمات پس از بستن پلتفرم ذخیره نمی‌شود
- فایل کپی‌شده در پوشه‌ی نصب دیده نمی‌شود
- به‌روزرسانی تکرار می‌شود

علت‌ها:
- نصب در مسیر Program Files بدون دسترسی کافی.
- کپی کردن فایل در پوشه‌ی نصب به‌جای پوشه‌ی داده.
- مسدود شدن فایل توسط آنتی‌ویروس.

راه‌حل‌ها:
- همیشه از File > Open Data Folder برای قرار دادن فایل‌ها استفاده کنید.
- در صورت لزوم پلتفرم را در مسیری خارج از Program Files نصب کنید.
- پلتفرم را با دسترسی مدیر اجرا کنید.
- پوشه‌ی پلتفرم را در فهرست استثناهای آنتی‌ویروس قرار دهید.",,
17,عیب‌یابی خطاهای رایج متاتریدر,MT-TRBL-0017,,هر دو,عیب‌یابی,کندی پلتفرم یا خراب شدن چیدمان چارت‌ها,"کند شدن شدید پلتفرم یا به‌هم‌ریختن چارت‌ها معمولاً به تعداد زیاد چارت و اندیکاتور، حجم بالای داده‌ی ذخیره‌شده یا خراب شدن پروفایل برمی‌گردد.

نشانه‌ها:
- کند شدن یا فریز شدن پلتفرم
- باز نشدن چارت‌ها پس از اجرا
- مصرف بالای پردازنده

علت‌ها:
- تعداد زیاد چارت باز با اندیکاتورهای سنگین.
- مقدار بسیار بالای Max bars in chart.
- خراب شدن فایل پروفایل.
- اجرای همزمان چند اکسپرت سنگین.

راه‌حل‌ها:
- چارت‌های غیرضروری را ببندید و اندیکاتورهای اضافه را حذف کنید.
- مقدار Max bars in chart را به عدد معقول کاهش دهید.
- یک پروفایل جدید بسازید و چارت‌ها را در آن بچینید.
- در صورت ادامه، پس از پشتیبان‌گیری از پوشه‌ی داده، پلتفرم را دوباره نصب کنید.",,
18,رویه‌های مشترک متاتریدر ۴ و ۵,MT-PROC-0001,چند تا سناریو داشته باشم؟,هر دو,رویه,نصب پلتفرم و اجرای چند نسخه به‌صورت همزمان,"نصب متاتریدر باید از نصاب رسمی بروکر خودتان انجام شود تا سرور بروکر از قبل در فهرست باشد. برای داشتن چند حساب از چند بروکر می‌توان پلتفرم را چند بار در مسیرهای جداگانه نصب کرد؛ هر نصب پوشه‌ی داده‌ی مستقل خود را دارد.

گام‌ها:
1. نصاب پلتفرم را از سایت رسمی بروکر خود دانلود کنید.
2. برای نصب دوم، در مرحله‌ی Settings مسیر نصب متفاوتی انتخاب کنید.
3. پس از نصب، از File > Open Data Folder مطمئن شوید هر نسخه پوشه‌ی داده‌ی جدا دارد.

هشدارها:
- دانلود پلتفرم از منابع غیررسمی ریسک امنیتی جدی دارد؛ همیشه از سایت بروکر یا متاکوتس استفاده کنید.",,
19,رویه‌های مشترک متاتریدر ۴ و ۵,MT-PROC-0002,تو دمو خوبم تو ریل بد,هر دو,رویه,ساخت حساب دمو از داخل پلتفرم,"برای تمرین بدون ریسک می‌توان مستقیماً از داخل پلتفرم یک حساب دمو ساخت. حساب دمو شرایط اجرای واقعی را کاملاً شبیه‌سازی نمی‌کند، اما برای یادگیری کار با پلتفرم و آزمایش اکسپرت مناسب است.

گام‌ها:
1. منوی File و سپس Open an Account را انتخاب کنید.
2. سرور بروکر خود را از فهرست انتخاب کنید.
3. نوع حساب دمو، ارز، مبلغ اولیه و اهرم را مشخص کنید.
4. اطلاعات حساب ساخته‌شده را ذخیره کنید؛ همان اطلاعات برای ورود مجدد لازم است.",,
20,رویه‌های مشترک متاتریدر ۴ و ۵,MT-PROC-0003,پلنم رو عوض کنم؟,هر دو,رویه,تغییر رمز عبور حساب معاملاتی,"رمز حساب از داخل پلتفرم قابل تغییر است. هر حساب دو رمز دارد: رمز اصلی (Master) برای معامله و رمز سرمایه‌گذار (Investor) که فقط اجازه‌ی مشاهده می‌دهد.

گام‌ها:
1. منوی Tools > Options و سپس تب Server را باز کنید (یا در Navigator روی حساب راست‌کلیک کنید).
2. گزینه‌ی Change Password را بزنید.
3. برای تغییر رمز اصلی، گزینه‌ی Change master password و برای رمز مشاهده، Change investor password را انتخاب کنید.
4. رمز فعلی و رمز جدید را وارد و تأیید کنید.

هشدارها:
- اگر با رمز Investor وارد شوید، دکمه‌های معامله غیرفعال‌اند و پیام Trade is disabled می‌گیرید.",,
21,رویه‌های مشترک متاتریدر ۴ و ۵,MT-PROC-0004,مشکلی نداره به پلنم چند مورد اضافه کنم؟ فکر کنم یک فیلتر کلی اضافه کنم برایندم فرق می‌کند.,هر دو,رویه,افزودن، تنظیم و حذف اندیکاتور روی چارت,"اندیکاتورها از پنجره‌ی Navigator یا منوی Insert > Indicators به چارت اضافه می‌شوند. برای تغییر تنظیمات یا حذف، از فهرست اندیکاتورهای همان چارت استفاده می‌شود.

گام‌ها:
1. در Navigator بخش Indicators را باز کنید یا از منوی Insert > Indicators استفاده کنید.
2. اندیکاتور را روی چارت بکشید و پارامترها و رنگ‌ها را تنظیم کنید.
3. برای ویرایش یا حذف، روی چارت راست‌کلیک و Indicators List را باز کنید (Ctrl+I).
4. اندیکاتور را انتخاب و Edit یا Delete را بزنید.",,
22,رویه‌های مشترک متاتریدر ۴ و ۵,MT-PROC-0005,پلنم رو عوض کنم؟,هر دو,رویه,تنظیم نمایش چارت: نوع نمودار، تایم‌فریم، زوم و پیمایش,"نوع نمودار (میله‌ای، شمعی، خطی)، تایم‌فریم، بزرگ‌نمایی و نحوه‌ی پیمایش از نوار ابزار چارت کنترل می‌شوند. دو گزینه‌ی مهم: Auto Scroll که چارت را همیشه روی آخرین کندل نگه می‌دارد و Chart Shift که فضایی در سمت راست آخرین کندل باز می‌کند.

گام‌ها:
1. نوع نمودار را از نوار ابزار انتخاب کنید (Bar، Candlestick یا Line).
2. تایم‌فریم را از نوار ابزار Timeframes انتخاب کنید.
3. با کلیدهای + و − یا اسکرول ماوس بزرگ‌نمایی را تغییر دهید.
4. در صورت نیاز Auto Scroll و Chart Shift را از نوار ابزار فعال یا غیرفعال کنید.
5. برای تغییر رنگ‌ها و شبکه، کلید F8 (Chart Properties) را بزنید.",,
23,رویه‌های مشترک متاتریدر ۴ و ۵,MT-PROC-0009,جمعه معامله کنم؟,هر دو,رویه,فعال‌سازی معامله‌ی یک‌کلیکی (One Click Trading),"با فعال کردن معامله‌ی یک‌کلیکی، پنل خرید و فروش در گوشه‌ی چارت ظاهر می‌شود و سفارش بدون پنجره‌ی تأیید ثبت می‌شود. پیش از فعال شدن باید توافق‌نامه‌ی مربوط پذیرفته شود.

گام‌ها:
1. منوی Tools > Options و تب Trade را باز کنید.
2. گزینه‌ی One Click Trading را فعال و توافق‌نامه را بپذیرید.
3. روی چارت راست‌کلیک کنید و One Click Trading را بزنید تا پنل نمایش داده شود.

هشدارها:
- در این حالت هیچ پنجره‌ی تأییدی نمایش داده نمی‌شود؛ یک کلیک اشتباه بلافاصله معامله باز می‌کند.",,
24,رویه‌های مشترک متاتریدر ۴ و ۵,MT-PROC-0017,پلنم رو عوض کنم؟,هر دو,رویه,تنظیمات پلتفرم (پنجره‌ی Options),"پنجره‌ی Options با Ctrl+O باز می‌شود و تب‌های اصلی آن عبارت‌اند از: Server (اتصال و پروکسی)، Charts (تعداد کندل‌های ذخیره‌شده و نمایش خط Ask)، Trade (حجم پیش‌فرض، انحراف مجاز و معامله‌ی یک‌کلیکی)، Experts (اجازه‌ی معامله‌ی الگوریتمی، DLL و WebRequest)، Notifications و Email. بیلدهای جدیدتر متاتریدر ۵ تب‌های GPU، Events، AI Assistant، MCP و Community را هم دارند. نام و ترتیب تب‌ها در متاتریدر ۴ متفاوت است.

گام‌ها:
1. کلید Ctrl+O را بزنید یا Tools > Options را باز کنید.
2. تب مربوط به تنظیم موردنظر را انتخاب کنید.
3. تغییرات را اعمال و OK بزنید.",,
25,رویه‌های مشترک متاتریدر ۴ و ۵,MT-PROC-0018,آربیتراژ یعنی چی؟,هر دو,رویه,کار با MetaEditor و کامپایل فایل‌های سورس,"MetaEditor محیط برنامه‌نویسی متاتریدر است و با کلید F4 باز می‌شود. فایل‌های سورس (mq4 یا mq5) پیش از استفاده باید کامپایل شوند تا فایل اجرایی (ex4 یا ex5) ساخته شود. خطاهای کامپایل در پنجره‌ی Errors نمایش داده می‌شوند.

گام‌ها:
1. کلید F4 را بزنید تا MetaEditor باز شود.
2. فایل سورس را از پوشه‌ی Experts یا Indicators باز کنید.
3. دکمه‌ی Compile را بزنید.
4. در صورت نبود خطا، در Navigator ترمینال Refresh بزنید تا فایل جدید دیده شود.

هشدارها:
- فایل mq4 روی متاتریدر ۵ و mq5 روی متاتریدر ۴ کامپایل نمی‌شود.",,
26,رویه‌های مشترک متاتریدر ۴ و ۵,MT-PROC-0022,پلنم رو عوض کنم؟,هر دو,رویه,ویرایش یا حذف سفارش معلق,"سفارش معلق تا زمان فعال شدن قابل ویرایش یا حذف است. قیمت فعال‌سازی، حد ضرر، حد سود و تاریخ انقضا را می‌توان تغییر داد.

گام‌ها:
1. Toolbox/Terminal را باز کنید (Ctrl+T) و به تب Trade بروید.
2. روی سفارش معلق راست‌کلیک کنید و Modify or Delete Order را بزنید.
3. برای تغییر، مقادیر جدید را وارد و Modify را بزنید.
4. برای حذف، دکمه‌ی Delete را بزنید.

هشدارها:
- اگر قیمت به سفارش خیلی نزدیک باشد، Freeze Level بروکر می‌تواند ویرایش را موقتاً مسدود کند.
- در متاتریدر ۵ سفارش‌های معلق در تب Trade جدا از پوزیشن‌ها فهرست می‌شوند؛ در متاتریدر ۴ همه در یک فهرست‌اند.",,
27,رویه‌های مشترک متاتریدر ۴ و ۵,MT-PROC-0014,,هر دو,رویه,کار با ترمینال موبایل,"اپلیکیشن موبایل متاتریدر امکان ورود به همان حساب، مشاهده‌ی چارت، ثبت سفارش و مدیریت معاملات را می‌دهد. معاملات باز روی سرور ثبت می‌شوند، بنابراین معامله‌ای که در موبایل باز شود در دسکتاپ هم دیده می‌شود.

گام‌ها:
1. اپلیکیشن رسمی متاتریدر ۴ یا ۵ را نصب کنید.
2. گزینه‌ی Login to an existing account را انتخاب کنید.
3. نام سرور بروکر را جست‌وجو و انتخاب کنید.
4. شماره حساب و رمز عبور را وارد کنید.

هشدارها:
- اکسپرت و اندیکاتور سفارشی روی نسخه‌ی موبایل اجرا نمی‌شوند.",,
28,رویه‌های مشترک متاتریدر ۴ و ۵,MT-PROC-0019,,هر دو,رویه,اجرای اسکریپت روی چارت,"اسکریپت‌ها برخلاف اکسپرت‌ها فقط یک بار اجرا می‌شوند و برای کارهای تک‌مرحله‌ای مثل بستن همه‌ی معاملات یا ثبت سریع سفارش استفاده می‌شوند. اسکریپت‌ها در پوشه‌ی Scripts پوشه‌ی داده قرار می‌گیرند.

گام‌ها:
1. فایل اسکریپت را در پوشه‌ی MQL4/Scripts یا MQL5/Scripts قرار دهید.
2. در Navigator روی Scripts راست‌کلیک و Refresh بزنید.
3. اسکریپت را روی چارت بکشید و در صورت نیاز اجازه‌ی معامله را تأیید کنید.",,
29,رویه‌های مشترک متاتریدر ۴ و ۵,MT-PROC-0015,,هر دو,رویه,کار با وب‌ترمینال,"وب‌ترمینال نسخه‌ی مرورگری متاتریدر است و بدون نصب، امکان معامله و مشاهده‌ی چارت را می‌دهد. امکانات آن محدودتر از نسخه‌ی دسکتاپ است و اکسپرت و اندیکاتور سفارشی در آن اجرا نمی‌شود.

گام‌ها:
1. آدرس وب‌ترمینال را از سایت بروکر خود باز کنید.
2. سرور، شماره حساب و رمز عبور را وارد کنید.
3. برای معامله از پنجره‌ی New Order استفاده کنید.",,
30,رویه‌های مشترک متاتریدر ۴ و ۵,MT-PROC-0006,,هر دو,رویه,ذخیره و اعمال Template (قالب چارت),"تمپلیت مجموعه‌ی تنظیمات ظاهری، اندیکاتورها و اشیاء یک چارت را ذخیره می‌کند تا روی چارت‌های دیگر به‌سرعت اعمال شود. تمپلیتی با نام default به‌صورت خودکار روی چارت‌های جدید اعمال می‌شود.

گام‌ها:
1. روی چارت راست‌کلیک کنید و Template > Save Template را بزنید.
2. نامی برای تمپلیت انتخاب کنید.
3. روی چارت دیگر راست‌کلیک و Template > Load Template را بزنید.
4. برای اعمال خودکار روی چارت‌های جدید، تمپلیت را با نام default ذخیره کنید.",,
31,رویه‌های مشترک متاتریدر ۴ و ۵,MT-PROC-0007,,هر دو,رویه,پروفایل: ذخیره‌ی چیدمان چند چارت,"پروفایل، مجموعه‌ی چارت‌های باز به‌همراه چیدمان آن‌ها را ذخیره می‌کند. با تعویض پروفایل، همه‌ی چارت‌ها و تنظیماتشان یک‌جا عوض می‌شوند؛ مناسب برای جدا کردن فضای کاری فارکس، طلا و شاخص‌ها.

گام‌ها:
1. چارت‌ها را به چیدمان دلخواه مرتب کنید.
2. منوی File > Profiles > Save As را بزنید و نامی انتخاب کنید.
3. برای بازگشت، همان پروفایل را از File > Profiles انتخاب کنید.",,
32,رویه‌های مشترک متاتریدر ۴ و ۵,MT-PROC-0008,,هر دو,رویه,رسم اشیاء گرافیکی و مدیریت آن‌ها,"خط روند، خط افقی، کانال، فیبوناچی و سایر ابزارها از منوی Insert یا نوار ابزار در دسترس‌اند. برای ویرایش دقیق مختصات یا حذف گروهی، از فهرست اشیاء (Object List) استفاده می‌شود.

گام‌ها:
1. ابزار موردنظر را از منوی Insert یا نوار ابزار انتخاب کنید.
2. روی چارت کلیک کنید تا شیء رسم شود.
3. برای ویرایش، روی شیء دوبار کلیک و سپس راست‌کلیک > Properties را بزنید.
4. برای مدیریت همه‌ی اشیاء، Ctrl+B (Object List) را باز کنید.",,
33,رویه‌های مشترک متاتریدر ۴ و ۵,MT-PROC-0010,,هر دو,رویه,بستن معامله: کامل، جزئی و بستن متقابل,"برای بستن کامل، از تب Trade روی معامله راست‌کلیک و گزینه‌ی بستن را انتخاب کنید. برای بستن جزئی، در پنجره‌ی بستن حجمی کمتر از حجم فعلی وارد کنید. اگر دو معامله‌ی خرید و فروش روی یک نماد باز باشد، می‌توان آن‌ها را با گزینه‌ی Close By در برابر هم بست.

گام‌ها:
1. Toolbox/Terminal را باز کنید و به تب Trade بروید.
2. روی معامله راست‌کلیک کنید.
3. برای بستن کامل، گزینه‌ی Close را بزنید.
4. برای بستن جزئی، حجم کمتر را وارد و سپس بستن را تأیید کنید.
5. برای بستن متقابل، Close By را انتخاب و معامله‌ی مقابل را مشخص کنید.

هشدارها:
- گزینه‌ی Close By فقط در حالت Hedging معنا دارد و در حساب‌های Netting متاتریدر ۵ وجود ندارد.",,
34,رویه‌های مشترک متاتریدر ۴ و ۵,MT-PROC-0011,,هر دو,رویه,تنظیم Trailing Stop,"تریلینگ استاپ حد ضرر را با حرکت قیمت به‌نفع معامله جابه‌جا می‌کند. در متاتریدر این قابلیت سمت ترمینال اجرا می‌شود، نه سمت سرور؛ بنابراین با بستن پلتفرم یا قطع اینترنت متوقف می‌شود.

گام‌ها:
1. در تب Trade روی معامله راست‌کلیک کنید.
2. گزینه‌ی Trailing Stop را باز کنید.
3. فاصله‌ی موردنظر بر حسب پوینت را انتخاب کنید (یا Custom را بزنید).
4. برای غیرفعال کردن، همان منو و گزینه‌ی None را انتخاب کنید.

هشدارها:
- با بسته شدن ترمینال، تریلینگ استاپ کار نمی‌کند؛ برای اجرای دائمی به VPS نیاز دارید.",,
35,رویه‌های مشترک متاتریدر ۴ و ۵,MT-PROC-0012,,هر دو,رویه,ساخت هشدار قیمتی (Alert),"با Alert می‌توان هنگام رسیدن قیمت به سطح مشخص، صدا یا پیام دریافت کرد. هشدارها در تب Alerts در Toolbox/Terminal مدیریت می‌شوند و تا زمانی که پلتفرم باز باشد فعال‌اند.

گام‌ها:
1. Toolbox/Terminal را باز کنید و به تب Alerts بروید.
2. روی فهرست راست‌کلیک و Create را بزنید.
3. نماد، شرط (Bid/Ask بیشتر یا کمتر از) و مقدار قیمت را وارد کنید.
4. نوع اقدام (پخش صدا، ارسال ایمیل یا اعلان) را انتخاب و OK بزنید.",,
36,رویه‌های مشترک متاتریدر ۴ و ۵,MT-PROC-0013,,هر دو,رویه,فعال‌سازی اعلان پوش روی موبایل (MetaQuotes ID),"پلتفرم دسکتاپ می‌تواند اعلان‌ها را به اپلیکیشن موبایل متاتریدر ارسال کند. برای این کار، شناسه‌ی MetaQuotes ID از اپلیکیشن موبایل برداشته و در تنظیمات دسکتاپ وارد می‌شود.

گام‌ها:
1. در اپلیکیشن موبایل متاتریدر، بخش تنظیمات و سپس Messages را باز کنید و MetaQuotes ID را کپی کنید.
2. در نسخه‌ی دسکتاپ، Tools > Options و تب Notifications را باز کنید.
3. گزینه‌ی Enable Push Notifications را فعال و MetaQuotes ID را وارد کنید.
4. با دکمه‌ی Test صحت اتصال را بررسی کنید.",,
37,رویه‌های مشترک متاتریدر ۴ و ۵,MT-PROC-0016,,هر دو,رویه,استفاده از VPS یا Virtual Hosting,"برای اجرای دائمی اکسپرت یا تریلینگ استاپ، پلتفرم باید همیشه روشن و متصل باشد. متاتریدر سرویس Virtual Hosting داخلی دارد که محیط ترمینال را روی سرور مجازی نزدیک به سرور بروکر منتقل می‌کند؛ جایگزین آن، اجاره‌ی VPS مستقل و نصب پلتفرم روی آن است.

گام‌ها:
1. در Navigator روی حساب راست‌کلیک کنید.
2. گزینه‌ی Register a Virtual Server را بزنید.
3. مراحل انتخاب پلن و پرداخت را دنبال کنید.
4. پس از فعال شدن، تنظیمات و اکسپرت‌ها را با گزینه‌ی Migrate به سرور مجازی منتقل کنید.

هشدارها:
- سرویس میزبانی مجازی هزینه‌ی جداگانه دارد و در دسترس بودن آن به بروکر و شرایط پرداخت وابسته است.",,
38,رویه‌های مشترک متاتریدر ۴ و ۵,MT-PROC-0020,,هر دو,رویه,پشتیبان‌گیری از تنظیمات، تمپلیت‌ها و اکسپرت‌ها,"همه‌ی تنظیمات شخصی در پوشه‌ی داده ذخیره می‌شوند. با کپی گرفتن از این پوشه می‌توان پیش از نصب مجدد یا انتقال به کامپیوتر دیگر، تمپلیت‌ها، پروفایل‌ها، اندیکاتورها و اکسپرت‌ها را حفظ کرد.

گام‌ها:
1. از File > Open Data Folder پوشه‌ی داده را باز کنید.
2. از پوشه‌ی MQL4 یا MQL5 و پوشه‌ی profiles نسخه‌ی پشتیبان بگیرید؛ در متاتریدر ۴ پوشه‌ی templates هم در ریشه‌ی پوشه‌ی داده است.
3. پس از نصب جدید، همان پوشه‌ها را در پوشه‌ی داده‌ی جدید جای‌گذاری کنید.
4. پلتفرم را ببندید و باز کنید تا تغییرات شناسایی شوند.",,
39,رویه‌های مشترک متاتریدر ۴ و ۵,MT-PROC-0021,,هر دو,رویه,کار با پنجره‌ی Market Watch: ستون‌ها، نمودار تیکی و مجموعه‌ی نمادها,"پنجره‌ی Market Watch علاوه بر قیمت لحظه‌ای، امکان نمایش ستون‌های اضافی (اسپرد، بیشترین، کمترین و زمان)، نمایش نمودار تیکی نماد و ذخیره‌ی مجموعه‌ی نمادهای انتخابی را دارد.

گام‌ها:
1. پنجره‌ی Market Watch را باز کنید (Ctrl+M).
2. روی فهرست راست‌کلیک کنید و ستون‌های موردنظر مثل Spread را فعال کنید.
3. برای دیدن نمودار تیکی، به تب پایین پنجره بروید: در متاتریدر ۴ نامش Tick Chart و در متاتریدر ۵ نامش Ticks است.
4. برای ذخیره‌ی فهرست نمادهای انتخابی، از گزینه‌ی Sets استفاده کنید.",,
40,رویه‌های مشترک متاتریدر ۴ و ۵,MT-PROC-0023,,هر دو,رویه,مدیریت معاملات باز در تب Trade,"تب Trade وضعیت لحظه‌ای حساب و همه‌ی معاملات باز را نشان می‌دهد: حجم، قیمت ورود، حد ضرر، حد سود، سود شناور، سواپ و کارمزد، و در پایین آن بالانس، اکوئیتی، مارجین، مارجین آزاد و سطح مارجین.

گام‌ها:
1. Toolbox/Terminal را باز کنید (Ctrl+T) و به تب Trade بروید.
2. با راست‌کلیک روی سرستون‌ها، ستون‌های موردنظر را نمایش دهید.
3. برای مرتب‌سازی روی عنوان ستون کلیک کنید.
4. برای هر اقدام (ویرایش، بستن، تریلینگ) روی همان ردیف راست‌کلیک کنید.",,
41,دانش پایه و رویه‌های متاتریدر ۵,MT5-PROC-0011,فایل اکسل بک‌تست را از کجا بگیرم؟,فقط متاتریدر ۵,رویه,تستر استراتژی و بهینه‌سازی در متاتریدر ۵,"تستر استراتژی متاتریدر ۵ با Ctrl+R باز می‌شود و امکان تست تک‌نمادی و چندنمادی، انتخاب حالت مدل‌سازی (از جمله تیک‌های واقعی)، بهینه‌سازی پارامترها و اجرای موازی روی چند هسته را دارد.

گام‌ها:
1. کلید Ctrl+R را بزنید تا پنجره‌ی Strategy Tester باز شود.
2. اکسپرت، نماد، تایم‌فریم و بازه‌ی زمانی تست را انتخاب کنید.
3. حالت مدل‌سازی (مثلاً Every tick based on real ticks) و سپرده‌ی اولیه را تعیین کنید.
4. برای بهینه‌سازی، گزینه‌ی Optimization را فعال و بازه‌ی پارامترها را در تب Inputs مشخص کنید.
5. نتیجه را در تب‌های Results، Graph و Report بررسی کنید.

هشدارها:
- نتیجه‌ی بک‌تست تضمینی برای عملکرد آینده نیست و به کیفیت داده‌ی تاریخی و شرایط اسپرد وابسته است.",,
42,دانش پایه و رویه‌های متاتریدر ۵,MT5-PROC-0001,چطور وارد تیم معامله‌گری بشم؟,فقط متاتریدر ۵,رویه,ورود به حساب معاملاتی در متاتریدر ۵,"برای اتصال به حساب در متاتریدر ۵ باید شماره‌ی حساب (Login)، رمز عبور و نام دقیق سرور بروکر را داشته باشید. سرور را حتماً از فهرست سرورهای همان بروکر انتخاب کنید؛ انتخاب سرور اشتباه رایج‌ترین علت خطای اتصال است.

گام‌ها:
1. از منوی File گزینه‌ی Login to Trade Account را انتخاب کنید.
2. نام سرور بروکر را در کادر جست‌وجو وارد و از فهرست انتخاب کنید.
3. شماره حساب و رمز عبور (Master یا Investor) را وارد کنید.
4. روی OK بزنید و وضعیت اتصال را در گوشه‌ی پایین-راست ترمینال بررسی کنید.

اشتباهات رایج:
- وارد کردن رمز سرمایه‌گذار (Investor) به‌جای رمز اصلی؛ در این حالت امکان معامله وجود ندارد.
- انتخاب سرور دمو به‌جای سرور ریل یا برعکس.

هشدارها:
- اگر پیام Invalid account یا No connection دیدید، ابتدا نام سرور و سپس اینترنت را بررسی کنید.",,
43,دانش پایه و رویه‌های متاتریدر ۵,MT5-PROC-0002,مشکلی نداره به پلنم چند مورد اضافه کنم؟ فکر کنم یک فیلتر کلی اضافه کنم برایندم فرق می‌کند.,فقط متاتریدر ۵,رویه,نمایش نمادهای پنهان در Market Watch (متاتریدر ۵),"اگر نمادی مثل XAUUSD در Market Watch دیده نمی‌شود، معمولاً نماد پنهان است نه اینکه بروکر آن را نداشته باشد. با پنجره‌ی Symbols می‌توان نماد را نمایش داد.

گام‌ها:
1. روی پنجره‌ی Market Watch راست‌کلیک کنید و Symbols را بزنید (یا Ctrl+U).
2. در درخت گروه‌ها یا کادر جست‌وجو نام نماد را پیدا کنید.
3. نماد را انتخاب و روی Show بزنید، سپس پنجره را ببندید.

هشدارها:
- پسوند نماد بین بروکرها فرق می‌کند (مثلاً EURUSD.m یا XAUUSD_i)؛ همیشه نام دقیق بروکر خودتان را جست‌وجو کنید.",,
44,دانش پایه و رویه‌های متاتریدر ۵,MT5-PROC-0003,معامله باز نمی‌شه,فقط متاتریدر ۵,رویه,باز کردن معامله و انواع سفارش در متاتریدر ۵,"پنجره‌ی New Order با کلید F9 یا دکمه‌ی New Order باز می‌شود. در متاتریدر ۵ نوع اجرا (Type) می‌تواند Market Execution یا Pending Order باشد و شش نوع سفارش معلق در دسترس است: Buy Limit، Sell Limit، Buy Stop، Sell Stop، Buy Stop Limit و Sell Stop Limit.

گام‌ها:
1. نماد موردنظر را در Market Watch انتخاب کنید.
2. کلید F9 را بزنید تا پنجره‌ی New Order باز شود.
3. حجم (Volume) را بر اساس مدیریت ریسک خود وارد کنید.
4. در صورت نیاز Stop Loss و Take Profit را وارد کنید.
5. برای ورود فوری Buy/Sell را بزنید یا Type را روی Pending Order بگذارید و قیمت فعال‌سازی را وارد کنید.

هشدارها:
- حجم پیش‌فرض پنجره را بدون بررسی تغییر ندهید؛ ورود با حجم اشتباه یکی از پرتکرارترین خطاهاست.",,
45,دانش پایه و رویه‌های متاتریدر ۵,MT5-PROC-0004,استیتمنت یک‌ماهه دارم و حداکثر ضرر ماهانه‌ام ۳۰٪ تاچ شد. چه کار کنم؟,فقط متاتریدر ۵,رویه,تنظیم یا تغییر حد ضرر و حد سود روی معامله‌ی باز (متاتریدر ۵),"برای افزودن یا تغییر SL/TP روی یک پوزیشن باز، از تب Trade در پنجره‌ی Toolbox استفاده می‌شود.

گام‌ها:
1. پنجره‌ی Toolbox را باز کنید (Ctrl+T) و به تب Trade بروید.
2. روی پوزیشن موردنظر راست‌کلیک و Modify or Delete Position را بزنید.
3. مقادیر Stop Loss و Take Profit را وارد کنید.
4. روی دکمه‌ی Modify بزنید و اعمال شدن مقادیر را در تب Trade بررسی کنید.

اشتباهات رایج:
- دور کردن حد ضرر هنگام ضرر؛ این کار مدیریت ریسک را از بین می‌برد.",,
46,دانش پایه و رویه‌های متاتریدر ۵,MT5-PROC-0008,آربیتراژ یعنی چی؟,فقط متاتریدر ۵,رویه,تنظیم انحراف مجاز و نوع پر شدن سفارش (Deviation و Filling),"در پنجره‌ی New Order متاتریدر ۵ دو تنظیم مهم وجود دارد: Deviation که حداکثر انحراف قابل قبول قیمت را مشخص می‌کند، و نوع پر شدن سفارش — در پنجره‌ی New Order با برچسب «Fill policy» و در Specification نماد با برچسب «Filling» — که تعیین می‌کند سفارش در صورت نبود حجم کافی چه رفتاری داشته باشد: Fill or Kill (یا کامل اجرا شود یا لغو)، Immediate or Cancel (بخش موجود اجرا و بقیه لغو) و Return (بخش موجود اجرا و باقی‌مانده به‌صورت سفارش باقی می‌ماند). گزینه‌های در دسترس را بروکر تعیین می‌کند.

گام‌ها:
1. پنجره‌ی New Order را باز کنید (F9).
2. در صورت نمایش گزینه‌ی Deviation، مقدار مجاز را بر حسب پوینت وارد کنید.
3. نوع پر شدن سفارش را از فهرست Fill policy انتخاب کنید.
4. سفارش را ثبت و نتیجه را در تب Journal بررسی کنید.",,
47,دانش پایه و رویه‌های متاتریدر ۵,MT5-PROC-0009,,فقط متاتریدر ۵,رویه,استفاده از عمق بازار (Depth of Market),"عمق بازار سفارش‌های خرید و فروش در سطوح مختلف قیمت را نشان می‌دهد و امکان ثبت سریع سفارش از داخل همان پنجره را می‌دهد. نمایش داده‌های واقعی عمق بازار به ارائه‌ی آن از سوی بروکر بستگی دارد.

گام‌ها:
1. در Market Watch روی نماد راست‌کلیک کنید.
2. گزینه‌ی Depth of Market را انتخاب کنید (یا Alt+B).
3. برای نمایش نمودار قیمت و دکمه‌های سفارش، آیکون‌های بالای پنجره را فعال کنید.

هشدارها:
- اگر بروکر داده‌ی عمق بازار ارائه ندهد، پنجره فقط Bid و Ask را نشان می‌دهد.",,
48,دانش پایه و رویه‌های متاتریدر ۵,MT5-PROC-0012,,فقط متاتریدر ۵,رویه,تب‌های تاریخچه: Positions، Orders و Deals,"در متاتریدر ۵ تاریخچه سه نمای متفاوت دارد. Positions پوزیشن‌های بسته‌شده، Orders سفارش‌های ثبت‌شده (اجراشده یا لغوشده) و Deals تراکنش‌های واقعی انجام‌شده روی حساب را نشان می‌دهد. برای بررسی دقیق سود و زیان و کارمزد، نمای Deals مرجع است.

گام‌ها:
1. به تب History در Toolbox بروید.
2. روی ناحیه‌ی تاریخچه راست‌کلیک کنید.
3. یکی از نماهای Positions، Orders یا Deals را انتخاب کنید.
4. در صورت نیاز، بازه‌ی زمانی سفارشی تعیین کنید.",,
49,دانش پایه و رویه‌های متاتریدر ۵,MT5-CONC-0001,,فقط متاتریدر ۵,مفهوم,نوع حساب Netting و Hedging در متاتریدر ۵,"متاتریدر ۵ دو سیستم حسابداری پوزیشن دارد. در حساب Netting برای هر نماد فقط یک پوزیشن وجود دارد و معامله‌ی جدید در جهت مخالف، پوزیشن موجود را کم یا خنثی می‌کند. در حساب Hedging می‌توان چند پوزیشن مستقل و حتی در دو جهت مخالف روی یک نماد داشت. نوع حساب را بروکر هنگام ساخت حساب تعیین می‌کند و کاربر نمی‌تواند آن را تغییر دهد.

تعریف: Netting: یک پوزیشن خالص برای هر نماد. Hedging: امکان چند پوزیشن مستقل روی یک نماد.",,
50,دانش پایه و رویه‌های متاتریدر ۵,MT5-PROC-0013,,فقط متاتریدر ۵,رویه,مدیریت پوزیشن در حساب Netting,"در حساب Netting هر نماد فقط یک پوزیشن دارد. معامله‌ی جدید هم‌جهت، حجم پوزیشن را افزایش و میانگین قیمت ورود را جابه‌جا می‌کند؛ معامله‌ی مخالف، حجم را کاهش می‌دهد و در صورت برابری، پوزیشن را می‌بندد. بنابراین «باز کردن معامله‌ی دوم» در این نوع حساب به معنای داشتن دو معامله‌ی جدا نیست.

گام‌ها:
1. نوع حساب را در عنوان پنجره‌ی Toolbox یا مشخصات حساب بررسی کنید (Netting یا Hedging).
2. برای کاهش حجم، معامله‌ای در جهت مخالف با حجم کمتر ثبت کنید.
3. برای بستن کامل، معامله‌ای مخالف با همان حجم ثبت کنید یا از گزینه‌ی Close استفاده کنید.",,
51,دانش پایه و رویه‌های متاتریدر ۵,MT5-CONC-0002,,فقط متاتریدر ۵,مفهوم,تفاوت Order، Deal و Position در متاتریدر ۵,"متاتریدر ۵ سه موجودیت جدا دارد: Order درخواست معامله است، Deal اجرای واقعی آن درخواست روی سرور، و Position نتیجه‌ی تجمیعی معاملات باز روی یک نماد. یک پوزیشن می‌تواند از چند Deal ساخته شود و یک Order می‌تواند به چند Deal منجر شود. همین ساختار، دلیل تفاوت شمارش معاملات در تاریخچه است.

تعریف: Order: درخواست. Deal: اجرای واقعی. Position: وضعیت باز فعلی نماد.",,
52,دانش پایه و رویه‌های متاتریدر ۵,MT5-CONC-0003,,فقط متاتریدر ۵,مفهوم,سفارش‌های Stop Limit در متاتریدر ۵,"Buy Stop Limit و Sell Stop Limit ترکیبی از دو سفارش‌اند: وقتی قیمت به سطح Stop برسد، یک سفارش Limit در قیمت تعیین‌شده ثبت می‌شود. یعنی ابتدا شکست سطح تأیید می‌شود و سپس ورود در قیمت بهتر انجام می‌گیرد. این دو نوع سفارش در متاتریدر ۴ وجود ندارند.

تعریف: Stop Limit: با رسیدن قیمت به سطح Stop، یک سفارش Limit در قیمت مشخص ثبت می‌شود.

مثال‌ها:
- برای خرید پس از شکست مقاومت اما با پول‌بک: Buy Stop Limit با سطح Stop بالای مقاومت و قیمت Limit پایین‌تر از آن.",,
53,دانش پایه و رویه‌های متاتریدر ۵,MT5-CONC-0004,,فقط متاتریدر ۵,مفهوم,شناسه‌ها در متاتریدر ۵: Order، Position ID و Magic Number,"در متاتریدر ۵ هر سفارش شناسه‌ی خود را دارد و هر پوزیشن یک Position ID جدا. معامله‌های مربوط به یک پوزیشن با همین شناسه به هم متصل می‌شوند، بنابراین برخلاف متاتریدر ۴ با بستن جزئی، شناسه‌ی پوزیشن عوض نمی‌شود. Magic Number همان نقش متاتریدر ۴ را دارد و اکسپرت‌ها با آن معاملات خودشان را تشخیص می‌دهند.

تعریف: Order ID: شناسه‌ی سفارش. Position ID: شناسه‌ی پوزیشن. Magic Number: شناسه‌ی اکسپرت.",,
54,دانش پایه و رویه‌های متاتریدر ۵,MT5-PROC-0005,,فقط متاتریدر ۵,رویه,مشاهده‌ی مشخصات نماد در متاتریدر ۵,"پنجره‌ی Specification اطلاعات کلیدی هر نماد را نشان می‌دهد: اندازه‌ی قرارداد، حداقل و حداکثر حجم، گام حجم، Tick Size و Tick Value، سطح استاپ (Stops Level)، نرخ سواپ، ساعات معاملاتی و نوع اجرا. این مقادیر بین بروکرها متفاوت است و مرجع پاسخ به سؤال‌های «چقدر» و «چه ساعتی» همین پنجره است.

گام‌ها:
1. در Market Watch روی نماد راست‌کلیک کنید.
2. گزینه‌ی Specification را انتخاب کنید.
3. مقادیر موردنیاز (Contract size، Volume limits، Stops level، Swap، Trading hours) را بخوانید.",,
55,دانش پایه و رویه‌های متاتریدر ۵,MT5-PROC-0006,,فقط متاتریدر ۵,رویه,گزارش تاریخچه‌ی معاملات در متاتریدر ۵,"تاریخچه‌ی معاملات در تب History از Toolbox نمایش داده می‌شود و می‌توان از آن گزارش گرفت. در متاتریدر ۵ نمایش تاریخچه بین حالت‌های Positions، Orders و Deals قابل تغییر است.

گام‌ها:
1. Toolbox را باز کنید (Ctrl+T) و به تب History بروید.
2. روی ناحیه‌ی تاریخچه راست‌کلیک و بازه‌ی زمانی دلخواه را انتخاب کنید.
3. برای گرفتن خروجی، راست‌کلیک و Report را بزنید و قالب موردنظر را انتخاب کنید.",,
56,دانش پایه و رویه‌های متاتریدر ۵,MT5-PROC-0007,,فقط متاتریدر ۵,رویه,فعال‌سازی Algo Trading و اجرای اکسپرت در متاتریدر ۵,"برای اجرای اکسپرت (EA) باید دکمه‌ی Algo Trading در نوار ابزار فعال باشد و اکسپرت روی چارت اجرا شده باشد. اگر روی چارت به‌جای صورتک لبخند علامت توقف دیده شود، معامله‌ی خودکار غیرفعال است.

گام‌ها:
1. فایل اکسپرت را در پوشه‌ی MQL5/Experts قرار دهید (File > Open Data Folder).
2. در پنجره‌ی Navigator روی Expert Advisors راست‌کلیک و Refresh بزنید.
3. اکسپرت را روی چارت بکشید و در تب Common گزینه‌ی Allow Algo Trading را تیک بزنید.
4. دکمه‌ی Algo Trading در نوار ابزار را فعال کنید (در متاتریدر ۴ نام همین دکمه AutoTrading است).

هشدارها:
- پیش از اجرای هر اکسپرت روی حساب واقعی، آن را روی حساب دمو آزمایش کنید.",,
57,دانش پایه و رویه‌های متاتریدر ۵,MT5-PROC-0010,,فقط متاتریدر ۵,رویه,تقویم اقتصادی داخلی متاتریدر ۵,"متاتریدر ۵ تقویم اقتصادی داخلی دارد که در تب Calendar از Toolbox نمایش داده می‌شود و می‌توان رویدادهای مهم را روی چارت هم مشاهده کرد. فهرست کشورها و اهمیت رویدادها قابل فیلتر کردن است.

گام‌ها:
1. Toolbox را باز کنید (Ctrl+T) و به تب Calendar بروید.
2. با فیلترهای بالای پنجره، کشور و درجه‌ی اهمیت رویداد را انتخاب کنید.
3. برای نمایش رویدادها روی چارت، گزینه‌ی نمایش رویدادها را در تنظیمات چارت فعال کنید.",,
58,دانش پایه و رویه‌های متاتریدر ۵,MT5-PROC-0014,,فقط متاتریدر ۵,رویه,دانلود داده‌های تاریخی نماد,"متاتریدر ۵ داده‌های تاریخی را به‌صورت خودکار از سرور دریافت می‌کند، اما برای بک‌تست دقیق می‌توان داده‌ی کندلی یا تیکی یک نماد را از پنجره‌ی Symbols به‌صورت دستی دانلود کرد.

گام‌ها:
1. پنجره‌ی Symbols را باز کنید (Ctrl+U).
2. نماد را انتخاب و به تب Bars یا Ticks بروید.
3. بازه‌ی زمانی موردنظر را مشخص و دکمه‌ی Request را بزنید.
4. پس از پایان دانلود، چارت را ببندید و دوباره باز کنید.",,
59,دانش پایه و رویه‌های متاتریدر ۴,MT4-CONC-0001,چند تا سناریو داشته باشم؟,فقط متاتریدر ۴,مفهوم,حسابداری معاملات در متاتریدر ۴ (فقط Hedging),"متاتریدر ۴ فقط سیستم Hedging دارد: هر معامله یک تیکت مستقل است و می‌توان همزمان چند معامله‌ی خرید و فروش روی یک نماد باز داشت. مفهوم «پوزیشن خالص» (Netting) در متاتریدر ۴ وجود ندارد.

تعریف: در متاتریدر ۴ هر سفارش یک معامله‌ی مستقل با تیکت مجزاست.",,
60,دانش پایه و رویه‌های متاتریدر ۴,MT4-PROC-0001,چطور وارد تیم معامله‌گری بشم؟,فقط متاتریدر ۴,رویه,ورود به حساب معاملاتی در متاتریدر ۴,"در متاتریدر ۴ اتصال به حساب از منوی File > Login to Trade Account انجام می‌شود و به شماره‌ی حساب، رمز عبور و سرور بروکر نیاز دارد. وضعیت اتصال در گوشه‌ی پایین-راست نمایش داده می‌شود.

گام‌ها:
1. منوی File و سپس Login to Trade Account را باز کنید.
2. شماره حساب، رمز عبور و سرور بروکر را وارد کنید.
3. OK را بزنید و نوار وضعیت پایین-راست را بررسی کنید.

هشدارها:
- اگر سرور بروکر در فهرست نبود، باید از نصاب اختصاصی همان بروکر استفاده کنید تا سرور به فهرست اضافه شود.",,
61,دانش پایه و رویه‌های متاتریدر ۴,MT4-PROC-0003,معامله باز نمی‌شه,فقط متاتریدر ۴,رویه,باز کردن معامله و انواع سفارش در متاتریدر ۴,"پنجره‌ی Order با کلید F9 باز می‌شود. متاتریدر ۴ چهار نوع سفارش معلق دارد: Buy Limit، Sell Limit، Buy Stop و Sell Stop. سفارش‌های Stop Limit فقط در متاتریدر ۵ وجود دارند.

گام‌ها:
1. نماد را در Market Watch انتخاب کنید.
2. کلید F9 را بزنید.
3. حجم (Volume)، و در صورت نیاز Stop Loss و Take Profit را وارد کنید.
4. برای ورود فوری Buy یا Sell را بزنید یا Type را روی Pending Order بگذارید.",,
62,دانش پایه و رویه‌های متاتریدر ۴,MT4-PROC-0007,آربیتراژ یعنی چی؟,فقط متاتریدر ۴,رویه,تستر استراتژی متاتریدر ۴ و کیفیت مدل‌سازی,"تستر استراتژی متاتریدر ۴ با Ctrl+R باز می‌شود و فقط روی یک نماد کار می‌کند. پس از پایان تست، مقدار Modelling quality در گزارش نشان می‌دهد داده‌ی استفاده‌شده چقدر قابل اتکا بوده است؛ کیفیت پایین یعنی نتیجه‌ی بک‌تست قابل استناد نیست.

گام‌ها:
1. کلید Ctrl+R را بزنید تا Strategy Tester باز شود.
2. اکسپرت، نماد، تایم‌فریم و مدل تست (مثلاً Every tick) را انتخاب کنید.
3. بازه‌ی زمانی و سپرده‌ی اولیه را مشخص کنید.
4. Start را بزنید و پس از پایان، تب Report و مقدار Modelling quality را بررسی کنید.

هشدارها:
- تست چندنمادی و بهینه‌سازی موازی در متاتریدر ۴ پشتیبانی نمی‌شود.",,
63,دانش پایه و رویه‌های متاتریدر ۴,MT4-PROC-0004,,فقط متاتریدر ۴,رویه,تنظیم حد ضرر و حد سود روی معامله‌ی باز (متاتریدر ۴),"در متاتریدر ۴ حد ضرر و حد سود از تب Trade در پنجره‌ی Terminal تنظیم می‌شود.

گام‌ها:
1. پنجره‌ی Terminal را باز کنید (Ctrl+T) و به تب Trade بروید.
2. روی معامله راست‌کلیک و Modify or Delete Order را بزنید.
3. مقادیر Stop Loss و Take Profit را وارد و Modify را بزنید.",,
64,دانش پایه و رویه‌های متاتریدر ۴,MT4-PROC-0006,,فقط متاتریدر ۴,رویه,بارگذاری داده‌های تاریخی با History Center,"متاتریدر ۴ داده‌های تاریخی را به‌صورت خودکار و کامل دانلود نمی‌کند. برای بک‌تست یا مشاهده‌ی گذشته‌ی دورتر باید از History Center استفاده کرد. مقدار داده‌ی نگهداری‌شده هم به تنظیم Max bars in history محدود است.

گام‌ها:
1. منوی Tools > History Center را باز کنید (یا F2).
2. نماد و تایم‌فریم موردنظر را از درخت سمت چپ انتخاب کنید.
3. دکمه‌ی Download را بزنید و منتظر پایان دریافت بمانید.
4. در Tools > Options > Charts مقدار Max bars in history و Max bars in chart را افزایش دهید.
5. پلتفرم را ببندید و دوباره باز کنید.

هشدارها:
- داده‌ی دانلودشده از سرور متاکوتس ممکن است با داده‌ی بروکر شما تفاوت داشته باشد.",,
65,دانش پایه و رویه‌های متاتریدر ۴,MT4-CONC-0002,,فقط متاتریدر ۴,مفهوم,تیکت، کامنت و Magic Number در متاتریدر ۴,"هر معامله در متاتریدر ۴ یک شماره‌ی یکتا (Ticket) دارد. فیلد Comment توضیح متنی معامله است که گاهی بروکر یا اکسپرت در آن اطلاعاتی می‌نویسد، و Magic Number شناسه‌ی عددی‌ای است که اکسپرت‌ها با آن معاملات خودشان را از معاملات دستی تشخیص می‌دهند.

تعریف: Ticket: شناسه‌ی معامله. Comment: توضیح متنی. Magic Number: شناسه‌ی اکسپرت.",,
66,دانش پایه و رویه‌های متاتریدر ۴,MT4-PROC-0002,,فقط متاتریدر ۴,رویه,نمایش همه‌ی نمادها در Market Watch (متاتریدر ۴),"در متاتریدر ۴ با راست‌کلیک روی Market Watch و انتخاب Show All همه‌ی نمادهای در دسترس نمایش داده می‌شوند؛ برای فهرست کامل و گروه‌بندی‌شده از پنجره‌ی Symbols استفاده کنید.

گام‌ها:
1. روی Market Watch راست‌کلیک کنید.
2. گزینه‌ی Show All را بزنید تا همه‌ی نمادها نمایش داده شوند.
3. برای انتخاب دقیق‌تر، Symbols را باز کنید و نماد را Show کنید.",,
67,دانش پایه و رویه‌های متاتریدر ۴,MT4-PROC-0005,,فقط متاتریدر ۴,رویه,فعال‌سازی AutoTrading و اکسپرت در متاتریدر ۴,"در متاتریدر ۴ معامله‌ی خودکار با دکمه‌ی AutoTrading (در نسخه‌های قدیمی‌تر Expert Advisors) فعال می‌شود و اکسپرت باید در پوشه‌ی MQL4/Experts قرار بگیرد.

گام‌ها:
1. File > Open Data Folder را باز کنید و فایل را در MQL4/Experts بگذارید.
2. در Navigator روی Expert Advisors راست‌کلیک و Refresh بزنید.
3. اکسپرت را روی چارت بکشید و Allow live trading را تیک بزنید.
4. دکمه‌ی AutoTrading در نوار ابزار را فعال کنید.",,
68,دانش پایه و رویه‌های متاتریدر ۴,MT4-PROC-0008,,فقط متاتریدر ۴,رویه,گرفتن گزارش و صورت‌حساب در متاتریدر ۴,"در متاتریدر ۴ از تب Account History می‌توان صورت‌حساب ساده یا تفصیلی گرفت و آن را به‌صورت فایل HTML ذخیره کرد.

گام‌ها:
1. پنجره‌ی Terminal را باز کنید و به تب Account History بروید.
2. روی فهرست راست‌کلیک و بازه‌ی زمانی موردنظر را انتخاب کنید.
3. گزینه‌ی Save as Report یا Save as Detailed Report را بزنید.
4. فایل HTML خروجی را ذخیره و در مرورگر باز کنید.",,
69,دانش پایه و رویه‌های متاتریدر ۴,MT4-PROC-0010,,فقط متاتریدر ۴,رویه,بستن جزئی معامله در متاتریدر ۴,"در متاتریدر ۴ بستن بخشی از یک معامله، معامله‌ی اصلی را با حجم باقی‌مانده و تیکت جدید بازسازی می‌کند. به همین دلیل شماره‌ی تیکت پس از بستن جزئی تغییر می‌کند و در تاریخچه دو رکورد ثبت می‌شود.

گام‌ها:
1. در تب Trade روی معامله دوبار کلیک کنید.
2. در پنجره‌ی بستن، حجمی کمتر از حجم فعلی وارد کنید.
3. دکمه‌ی زرد بستن با همان حجم را بزنید.
4. معامله‌ی باقی‌مانده را با تیکت جدید در تب Trade بررسی کنید.",,
70,دانش پایه و رویه‌های متاتریدر ۴,MT4-PROC-0011,,فقط متاتریدر ۴,رویه,مشاهده‌ی مشخصات نماد در متاتریدر ۴,"در متاتریدر ۴ مشخصات هر نماد از پنجره‌ی Symbols و گزینه‌ی Properties دیده می‌شود: اندازه‌ی قرارداد، ارقام اعشار، حداقل حجم، گام حجم، سطح استاپ، نرخ سواپ، نوع اجرا و ساعات معاملاتی. مسیر آن با متاتریدر ۵ فرق دارد؛ در متاتریدر ۵ همین اطلاعات با راست‌کلیک روی نماد و گزینه‌ی Specification باز می‌شود.

گام‌ها:
1. روی پنجره‌ی Market Watch راست‌کلیک کنید و Symbols را بزنید.
2. نماد موردنظر را در درخت گروه‌ها پیدا و انتخاب کنید.
3. دکمه‌ی Properties را بزنید.
4. مقادیر Contract size، Digits، Stops level، Swap و Trade sessions را بخوانید.",,
71,دانش پایه و رویه‌های متاتریدر ۴,MT4-PROC-0012,,فقط متاتریدر ۴,رویه,تنظیم حداکثر انحراف مجاز قیمت در متاتریدر ۴,"در حساب‌های Instant Execution، پنجره‌ی سفارش متاتریدر ۴ گزینه‌ی «Enable maximum deviation from quoted price» دارد. با فعال کردن آن و تعیین مقدار بر حسب پیپ، اگر قیمت تا آن حد تغییر کند سفارش به‌جای نمایش ریکوت، اجرا می‌شود. در حساب‌های Market Execution این گزینه کاربرد ندارد.

گام‌ها:
1. پنجره‌ی سفارش را باز کنید (F9).
2. گزینه‌ی Enable maximum deviation from quoted price را تیک بزنید.
3. مقدار انحراف مجاز را بر حسب پیپ وارد کنید.
4. سفارش را ثبت کنید.

هشدارها:
- انحراف بسیار بزرگ یعنی پذیرش اجرای سفارش با قیمتی به‌مراتب بدتر از قیمت دیده‌شده.",,
72,مفاهیم پایه‌ی متاتریدر,MT-CONC-0004,ارزش پیپ طلا چند است و ارزش پیپ هر نماد را چطور پیدا کنم؟,هر دو,تعریف,Tick Size و Tick Value,"Tick Size کوچک‌ترین تغییر ممکن قیمت یک نماد و Tick Value ارزش پولی آن تغییر برای یک لات است. این دو مقدار در پنجره‌ی Specification نماد دیده می‌شوند و مبنای محاسبه‌ی سود و زیان هر حرکت قیمت هستند. برای نمادهایی غیر از جفت‌ارزهای دلاری، ارزش هر تیک به نرخ تبدیل ارز حساب هم وابسته است.

تعریف: Tick Size: کوچک‌ترین گام قیمت. Tick Value: ارزش پولی یک تیک برای یک لات.",,
73,مفاهیم پایه‌ی متاتریدر,MT-CONC-0012,فلانی گفت اینجوری بهتره، عوض کنم؟,هر دو,مفهوم,تایم‌فریم و نحوه‌ی ساخته شدن کندل,هر کندل نماینده‌ی یک بازه‌ی زمانی است و تا پایان آن بازه در حال تغییر می‌ماند. پلتفرم کندل‌ها را از داده‌ی تیک سرور می‌سازد؛ بنابراین تغییر تایم‌فریم فقط نحوه‌ی نمایش را عوض می‌کند، نه داده‌ی زیرین را. کندل جاری تا بسته شدن قطعی نیست و تحلیل بر پایه‌ی آن ممکن است با بسته شدن کندل تغییر کند.,,
74,مفاهیم پایه‌ی متاتریدر,MT-CONC-0013,سقف ضرر روزانه یعنی چی؟,وابسته به بروکر,مفهوم,پسوند نمادها و تفاوت نام‌گذاری بروکرها,بسیاری از بروکرها نمادها را با پسوند ارائه می‌کنند؛ مثلاً EURUSD.m یا XAUUSD_i یا EURUSD.pro. این پسوند معمولاً نوع حساب یا گروه نماد را مشخص می‌کند و نام نماد در دو بروکر می‌تواند متفاوت باشد. هنگام نصب اندیکاتور یا اکسپرتی که نام نماد را ثابت فرض کرده است، همین تفاوت باعث کار نکردن آن می‌شود.,,
75,مفاهیم پایه‌ی متاتریدر,MT-CONC-0001,,هر دو,تعریف,Bid و Ask در متاتریدر,"Bid قیمتی است که با آن می‌فروشید و Ask قیمتی است که با آن می‌خرید. Ask همیشه بزرگ‌تر یا مساوی Bid است. معامله‌ی خرید با Ask باز و با Bid بسته می‌شود؛ معامله‌ی فروش با Bid باز و با Ask بسته می‌شود. به‌صورت پیش‌فرض روی چارت فقط خط Bid رسم می‌شود و برای دیدن خط Ask باید در تنظیمات چارت گزینه‌ی نمایش خط Ask فعال شود.

تعریف: Bid: قیمت فروش شما. Ask: قیمت خرید شما. اختلاف این دو، اسپرد است.",,
76,مفاهیم پایه‌ی متاتریدر,MT-CONC-0003,,هر دو,تعریف,پوینت، دیجیت و نحوه‌ی نمایش قیمت,"متاتریدر قیمت را با تعداد ارقام اعشاری (Digits) تعریف‌شده در مشخصات نماد نمایش می‌دهد. پوینت کوچک‌ترین تغییر همان رقم آخر است. در نمادهای ۵ رقمی (مثل EURUSD با ۱.۰۸۵۰۰) هر پیپ برابر ۱۰ پوینت است و در نمادهای ۳ رقمی دارای ین نیز همین نسبت برقرار است. حد ضرر و حد سود و Stops Level در پلتفرم بر حسب پوینت بیان می‌شوند، نه پیپ.

تعریف: پوینت = کوچک‌ترین تغییر رقم آخر قیمت؛ پیپ = ۱۰ پوینت در نمادهای ۵ رقمی.

هشدارها:
- اشتباه گرفتن پیپ و پوینت باعث می‌شود حد ضرر ۱۰ برابر کوچک‌تر یا بزرگ‌تر از هدف ثبت شود.",,
77,مفاهیم پایه‌ی متاتریدر,MT-CONC-0009,,وابسته به بروکر,مفهوم,Stops Level و Freeze Level,Stops Level حداقل فاصله‌ی مجاز حد ضرر، حد سود و قیمت سفارش معلق تا قیمت فعلی است و بر حسب پوینت بیان می‌شود. Freeze Level بازه‌ای است که در آن، به دلیل نزدیکی قیمت به سطح سفارش، ویرایش یا حذف سفارش موقتاً مجاز نیست. هر دو مقدار را بروکر تعیین می‌کند و در پنجره‌ی Specification دیده می‌شوند؛ مقدار صفر یعنی محدودیتی اعمال نمی‌شود.,,
78,مفاهیم پایه‌ی متاتریدر,MT-CONC-0011,,هر دو,مفهوم,زمان سرور بروکر و اختلاف آن با ساعت محلی,"همه‌ی کندل‌ها، ساعات معاملاتی، زمان سواپ و تاریخچه بر اساس زمان سرور بروکر ثبت می‌شوند، نه ساعت کامپیوتر شما. زمان سرور در ستون Time در Market Watch و در گوشه‌ی چارت دیده می‌شود. تغییر ساعت کامپیوتر هیچ تأثیری بر کندل‌ها ندارد و اختلاف چند ساعته‌ی کندل روزانه با تقویم محلی، نتیجه‌ی همین موضوع است.

هشدارها:
- بروکرهای مختلف منطقه‌ی زمانی متفاوتی دارند؛ بنابراین کندل روزانه‌ی دو بروکر می‌تواند متفاوت باشد.",,
79,مفاهیم پایه‌ی متاتریدر,MT-CONC-0002,,هر دو,تعریف,اسپرد در متاتریدر و نمایش آن,"اسپرد اختلاف Ask و Bid است و در متاتریدر می‌توان آن را به‌صورت ستون Spread در Market Watch نمایش داد. اسپرد در بیشتر حساب‌ها شناور است و در زمان اخبار، بازگشایی بازار و ساعات کم‌نقدشوندگی افزایش می‌یابد. هر معامله بلافاصله پس از باز شدن به اندازه‌ی اسپرد در ضرر نمایش داده می‌شود و این رفتار طبیعی پلتفرم است.

تعریف: اسپرد = Ask − Bid، بر حسب پوینت.

گام‌ها:
1. روی Market Watch راست‌کلیک کنید.
2. گزینه‌ی Spread را فعال کنید تا ستون اسپرد نمایش داده شود.",,
80,مفاهیم پایه‌ی متاتریدر,MT-CONC-0005,,وابسته به بروکر,تعریف,اندازه‌ی قرارداد و محدودیت‌های حجم,"هر نماد یک اندازه‌ی قرارداد (Contract Size) دارد که تعداد واحد دارایی در یک لات را مشخص می‌کند. همچنین حداقل حجم (Volume Min)، حداکثر حجم (Volume Max) و گام حجم (Volume Step) در مشخصات نماد تعریف شده‌اند. وارد کردن حجمی خارج از این محدوده یا ناهماهنگ با گام حجم، باعث رد شدن سفارش می‌شود.

تعریف: Contract Size، Volume Min/Max/Step: پارامترهای حجم که بروکر برای هر نماد تعیین می‌کند.",,
81,مفاهیم پایه‌ی متاتریدر,MT-CONC-0006,,وابسته به بروکر,مفهوم,مارجین موردنیاز و اهرم در پلتفرم,هنگام باز کردن معامله، پلتفرم بخشی از موجودی را به‌عنوان مارجین قفل می‌کند. مقدار آن به اندازه‌ی قرارداد، حجم، قیمت و اهرم حساب بستگی دارد و در پنجره‌ی New Order پیش از ثبت سفارش قابل مشاهده است. برخی بروکرها برای نمادهای خاص یا در ساعات پایانی هفته اهرم متفاوتی اعمال می‌کنند.,,
82,مفاهیم پایه‌ی متاتریدر,MT-CONC-0007,,وابسته به بروکر,مفهوم,Margin Call و Stop Out در متاتریدر,"پلتفرم سطح مارجین (Margin Level) را به‌صورت درصد نمایش می‌دهد. با افت این درصد تا آستانه‌ی Margin Call هشدار داده می‌شود و با رسیدن به آستانه‌ی Stop Out، سرور شروع به بستن خودکار معاملات می‌کند — معمولاً از زیان‌ده‌ترین معامله. این دو آستانه را بروکر تعیین می‌کند و در متاتریدر قابل تغییر نیستند.

هشدارها:
- بسته شدن خودکار معامله توسط سرور انجام می‌شود، نه توسط ترمینال؛ بستن ترمینال جلوی آن را نمی‌گیرد.",,
83,مفاهیم پایه‌ی متاتریدر,MT-CONC-0008,,وابسته به بروکر,مفهوم,سواپ و زمان محاسبه‌ی آن,سواپ در پایان روز معاملاتی سرور (Rollover) به معاملات باز اعمال می‌شود و در ستون Swap در تب Trade نمایش داده می‌شود. در بیشتر بروکرها سواپ شب چهارشنبه سه‌برابر محاسبه می‌شود، چون تسویه‌ی آخر هفته را پوشش می‌دهد. نرخ سواپ هر نماد در پنجره‌ی Specification قابل مشاهده است.,,
84,مفاهیم پایه‌ی متاتریدر,MT-CONC-0010,,وابسته به بروکر,مفهوم,حالت‌های اجرای سفارش,نوع اجرای هر نماد را بروکر تعیین می‌کند. در Instant Execution قیمت مشخص است و در صورت تغییر قیمت، ریکوت دریافت می‌کنید و می‌توانید حداکثر انحراف مجاز (Deviation) را تعیین کنید. در Market Execution سفارش با بهترین قیمت موجود اجرا می‌شود و امکان ریکوت وجود ندارد، اما ممکن است لغزش قیمت رخ دهد. حالت‌های Request و Exchange نیز در برخی بازارها استفاده می‌شوند.,,
85,مفاهیم پایه‌ی متاتریدر,MT-CONC-0014,,هر دو,مفهوم,پنجره‌های اصلی پلتفرم: Market Watch، Navigator و Toolbox,سه پنجره‌ی اصلی متاتریدر عبارت‌اند از: Market Watch (فهرست نمادها، قیمت لحظه‌ای، اسپرد و مشخصات نماد)، Navigator (حساب‌ها، اندیکاتورها، اکسپرت‌ها و اسکریپت‌ها) و Toolbox/Terminal (تب‌های Trade، History، News، Alerts، Mailbox، Experts و Journal). کلیدهای میان‌بر: Ctrl+M برای Market Watch، Ctrl+N برای Navigator و Ctrl+T برای Toolbox/Terminal.,,
86,مفاهیم پایه‌ی متاتریدر,MT-CONC-0015,,هر دو,مفهوم,پوشه‌ی داده (Data Folder) و ساختار فایل‌ها,"هر نصب متاتریدر یک پوشه‌ی داده‌ی مستقل دارد که از مسیر File > Open Data Folder باز می‌شود. اندیکاتورها، اکسپرت‌ها، اسکریپت‌ها، تمپلیت‌ها، پروفایل‌ها و لاگ‌ها در همین پوشه ذخیره می‌شوند. کپی کردن فایل در پوشه‌ی اشتباه (مثلاً پوشه‌ی نصب به‌جای پوشه‌ی داده) رایج‌ترین دلیل دیده نشدن اندیکاتور یا اکسپرت در Navigator است.

گام‌ها:
1. منوی File را باز کنید.
2. گزینه‌ی Open Data Folder را بزنید.
3. به پوشه‌ی MQL4 یا MQL5 بروید و فایل را در زیرپوشه‌ی درست (Experts، Indicators، Scripts) بگذارید.
4. در Navigator راست‌کلیک و Refresh بزنید.",,
87,مفاهیم پایه‌ی متاتریدر,MT-CONC-0016,,هر دو,مفهوم,Journal و Experts: لاگ‌های پلتفرم,"تب Journal رویدادهای خود ترمینال را ثبت می‌کند: ورود و خروج، اتصال به سرور، خطاهای شبکه و به‌روزرسانی‌ها. تب Experts رویدادهای اکسپرت‌ها، اسکریپت‌ها و اندیکاتورها را ثبت می‌کند. برای هر عیب‌یابی جدی، نخستین جای بررسی همین دو تب است، چون پیام خطای دقیق سرور در آن‌ها ثبت می‌شود.

گام‌ها:
1. Toolbox/Terminal را باز کنید (Ctrl+T).
2. به تب Journal یا Experts بروید.
3. روی فهرست راست‌کلیک کنید و بازه‌ی زمانی موردنظر را انتخاب کنید.
4. برای ارسال به پشتیبانی، از Open گزارش متنی همان روز را بردارید.",,
88,موتور تفاوت متاتریدر ۴ و ۵,MT-CMP-0007,,وابسته به نسخه,مقایسه,تفاوت مدیریت داده‌های تاریخی,"در متاتریدر ۴ داده‌ی تاریخی معمولاً باید دستی از History Center دانلود شود و کیفیت آن بر بک‌تست اثر مستقیم دارد؛ متاتریدر ۵ داده را به‌صورت خودکار از سرور می‌گیرد و امکان دریافت داده‌ی تیکی دارد.

مقایسه:
- mt4: History Center (کلید F2)، دانلود دستی، محدود به تنظیم Max bars in history.
- mt5: دریافت خودکار از سرور، به‌علاوه‌ی درخواست داده‌ی کندلی و تیکی از پنجره‌ی Symbols.",,
89,موتور تفاوت متاتریدر ۴ و ۵,MT-CMP-0008,,وابسته به نسخه,مقایسه,تفاوت مدل معامله: تیکت در برابر Order/Deal/Position,"متاتریدر ۴ همه‌چیز را به‌صورت «سفارش با تیکت» می‌بیند، اما متاتریدر ۵ سه موجودیت جدا دارد. همین تفاوت باعث می‌شود شمارش معاملات در تاریخچه و گزارش‌های دو پلتفرم متفاوت باشد.

مقایسه:
- mt4: یک موجودیت: Order/Trade با شماره‌ی تیکت.
- mt5: سه موجودیت: Order (درخواست)، Deal (اجرا) و Position (وضعیت باز).",,
90,موتور تفاوت متاتریدر ۴ و ۵,MT-CMP-0009,,وابسته به نسخه,مقایسه,تفاوت بستن جزئی معامله,"بستن جزئی در متاتریدر ۴ تیکت جدید می‌سازد، در حالی که در متاتریدر ۵ حجم پوزیشن کاهش می‌یابد و شناسه‌ی پوزیشن ثابت می‌ماند. در حساب Netting متاتریدر ۵ اصولاً یک پوزیشن واحد کم یا زیاد می‌شود.

مقایسه:
- mt4: معامله بسته و با حجم باقی‌مانده و تیکت جدید بازسازی می‌شود.
- mt5: حجم همان پوزیشن کاهش می‌یابد؛ شناسه‌ی پوزیشن تغییر نمی‌کند.",,
91,موتور تفاوت متاتریدر ۴ و ۵,MT-CMP-0001,,وابسته به نسخه,مقایسه,تفاوت انواع سفارش معلق در متاتریدر ۴ و ۵,"متاتریدر ۴ چهار نوع سفارش معلق دارد و متاتریدر ۵ شش نوع؛ دو نوع Stop Limit فقط در متاتریدر ۵ موجود است.

مقایسه:
- mt4: Buy Limit, Sell Limit, Buy Stop, Sell Stop (۴ نوع)
- mt5: Buy Limit, Sell Limit, Buy Stop, Sell Stop, Buy Stop Limit, Sell Stop Limit (۶ نوع)",,
92,موتور تفاوت متاتریدر ۴ و ۵,MT-CMP-0002,,وابسته به نسخه,مقایسه,تفاوت حسابداری پوزیشن (Netting / Hedging),"متاتریدر ۴ فقط Hedging است، اما متاتریدر ۵ بسته به نوع حسابی که بروکر می‌سازد می‌تواند Netting یا Hedging باشد.

مقایسه:
- mt4: فقط Hedging؛ هر سفارش یک تیکت مستقل.
- mt5: Netting یا Hedging، وابسته به نوع حساب تعیین‌شده توسط بروکر.",,
93,موتور تفاوت متاتریدر ۴ و ۵,MT-CMP-0003,,وابسته به نسخه,مقایسه,تفاوت تعداد تایم‌فریم‌ها,"متاتریدر ۵ تایم‌فریم‌های به‌مراتب بیشتری نسبت به متاتریدر ۴ ارائه می‌دهد.

مقایسه:
- mt4: ۹ تایم‌فریم (M1, M5, M15, M30, H1, H4, D1, W1, MN1)
- mt5: ۲۱ تایم‌فریم، شامل M2, M3, M4, M6, M10, M12, M20, H2, H3, H6, H8, H12",,
94,موتور تفاوت متاتریدر ۴ و ۵,MT-CMP-0004,,وابسته به نسخه,مقایسه,ناسازگاری اکسپرت‌ها و اندیکاتورها (MQL4 و MQL5),"زبان برنامه‌نویسی دو پلتفرم متفاوت است و فایل‌های اکسپرت یا اندیکاتور یکی روی دیگری اجرا نمی‌شوند؛ برای هر پلتفرم باید نسخه‌ی مخصوص همان پلتفرم تهیه شود.

مقایسه:
- mt4: MQL4؛ فایل‌های ex4 در پوشه‌ی MQL4.
- mt5: MQL5؛ فایل‌های ex5 در پوشه‌ی MQL5.",,
95,موتور تفاوت متاتریدر ۴ و ۵,MT-CMP-0005,,وابسته به نسخه,مقایسه,تفاوت تستر استراتژی,"تستر استراتژی متاتریدر ۵ چندنمادی و چندرشته‌ای است و امکان تست با تیک‌های واقعی را دارد؛ تستر متاتریدر ۴ تک‌نمادی و تک‌رشته‌ای است و کیفیت آن با شاخص Modelling quality سنجیده می‌شود.

مقایسه:
- mt4: تست تک‌نمادی، بدون پردازش موازی، وابسته به کیفیت داده‌ی History Center.
- mt5: تست چندنمادی، پردازش موازی و بهینه‌سازی پیشرفته با امکان استفاده از تیک واقعی.",,
96,موتور تفاوت متاتریدر ۴ و ۵,MT-CMP-0006,,وابسته به نسخه,مقایسه,عمق بازار و تقویم اقتصادی داخلی,"عمق بازار (Depth of Market) و تقویم اقتصادی داخلی از قابلیت‌های متاتریدر ۵ هستند و در متاتریدر ۴ وجود ندارند.

مقایسه:
- mt4: بدون Depth of Market و بدون تقویم اقتصادی داخلی.
- mt5: دارای Depth of Market و تقویم اقتصادی داخلی (نمایش داده‌ها وابسته به بروکر است).",,
97,موتور تفاوت متاتریدر ۴ و ۵,MT-CMP-0010,,وابسته به نسخه,مقایسه,تفاوت تنظیمات اجرای سفارش,"متاتریدر ۵ علاوه بر انحراف مجاز، امکان انتخاب نوع پر شدن سفارش (Filling) را می‌دهد که در متاتریدر ۴ وجود ندارد.

مقایسه:
- mt4: فقط تنظیم انحراف مجاز (Deviation) در حساب‌های Instant Execution.
- mt5: انحراف مجاز به‌علاوه‌ی انتخاب Filling type: Fill or Kill، Immediate or Cancel یا Return.",,
98,موتور تفاوت متاتریدر ۴ و ۵,MT-CMP-0011,,وابسته به نسخه,مقایسه,تفاوت ابزارهای پیش‌فرض و وضعیت توسعه,"متاتریدر ۵ اندیکاتورها و اشیاء گرافیکی بیشتری به‌صورت پیش‌فرض دارد و توسعه‌ی فعال متاکوتس روی همین نسخه متمرکز است؛ متاتریدر ۴ عمدتاً در حالت نگهداری قرار دارد. با این حال، انتخاب پلتفرم را در عمل بروکر و ابزارهای موردنیاز معامله‌گر تعیین می‌کند.

مقایسه:
- mt4: مجموعه‌ی پیش‌فرض کوچک‌تر؛ اکوسیستم بسیار بزرگ اندیکاتورها و اکسپرت‌های قدیمی.
- mt5: مجموعه‌ی پیش‌فرض بزرگ‌تر؛ تمرکز توسعه و امکانات جدید روی این نسخه.",,
99,موتور تفاوت متاتریدر ۴ و ۵,MT-CMP-0012,,وابسته به نسخه,مقایسه,تفاوت نمایش معاملات و سفارش‌ها در تب Trade,"در متاتریدر ۴ همه‌ی معاملات باز و سفارش‌های معلق در یک فهرست نمایش داده می‌شوند، اما متاتریدر ۵ ابتدا پوزیشن‌ها و سپس سفارش‌های معلق را در دو بخش جدا نشان می‌دهد.

مقایسه:
- mt4: یک فهرست واحد شامل معاملات باز و سفارش‌های معلق، هرکدام با شماره‌ی تیکت.
- mt5: دو بخش جدا: Positions و سپس Orders؛ سفارش معلق تا فعال نشدن پوزیشن محسوب نمی‌شود.",,
